DesignPt#,crn_across_solns,sample_size,initial_solution,budget,cost,warmup,lambda,people,MacroRep#,Final Relative Optimality Gap,Area Under Progress Curve,0.05-Solve Time,0.05-Solved? (Y/N),0.1-Solve Time,0.1-Solved? (Y/N),0.2-Solve Time,0.2-Solved? (Y/N),0.5-Solve Time,0.5-Solved? (Y/N)
0,True,10,"(5.0,)",1000,0.1,20,1.5,50,0,-0.029210334559349602,-0.003524295364024998,0.02,1,0.02,1,0.02,1,0.02,1
0,True,10,"(5.0,)",1000,0.1,20,1.5,50,1,-0.05027206156184451,0.06849931052407707,0.08,1,0.08,1,0.08,1,0.07,1
0,True,10,"(5.0,)",1000,0.1,20,1.5,50,2,-0.04717292204378753,-0.01398649189976671,0.03,1,0.03,1,0.03,1,0.03,1
0,True,10,"(5.0,)",1000,0.1,20,1.5,50,3,0.29845946452757044,0.40234376978358727,inf,0,inf,0,inf,0,0.05,1
0,True,10,"(5.0,)",1000,0.1,20,1.5,50,4,-0.01536660728956447,0.06473022780902898,0.1,1,0.06,1,0.06,1,0.06,1
